country,1990,1991,1992,1993,1994,1995,1996,1997,1998,1999,2000,2001,2002,2003,2004,2005,2006,2007,2008,2009,2010,2011,2012,2013,2014,2015,2016,2017,2018,2019
Afghanistan,0.511,0.474,0.314,0.213,0.16,0.148,0.142,0.138,0.135,0.129,0.173,0.176,0.111,0.0902,0.0976,0.0844,0.0797,0.113,0.102,0.102,0.105,0.0885,0.083,0.0792,0.0778,0.0775,0.0707,0.0723,0.0721,0.0717
Albania,0.000554,0.00108,0.00134,0.00148,0.0016,0.00186,0.00187,0.00174,0.00172,0.00201,0.00217,0.00244,0.00344,0.00333,0.00337,0.00412,0.0046,0.00506,0.005,0.00528,0.00501,0.00463,0.00431,0.00348,0.00351,0.0036,0.00383,0.00422,0.00469,0.00522
Algeria,0.0000007,0.0000021,0.0000026,0.0000031,0.000735,0.0000529,0.0000768,0.000115,0.00019,0.000233,0.000259,0.000268,0.00038,0.000362,0.000327,0.000363,0.000248,0.000311,0.000261,0.000232,0.000186,0.000167,0.000152,0.000096,0.0000905,0.0000878,0.0000919,0.0000964,0.0000995,0.000106
Andorra,0,0,0,0,0.0000319,0.0000313,0.0000466,0.0000155,0.0000312,0.0000466,0.0000306,0.0000148,0.000143,0.000137,0.0000393,0.000114,0.000123,0.000109,0.0000715,0.000071,0.000071,0.0000716,0.0000849,0.0000619,0.0000884,0.0000641,0.0000259,0,0.000039,0.0000389
Angola,0.0344,0.0312,0.0237,0.0248,0.0209,0.0177,0.0173,0.018,0.0208,0.0223,0.0265,0.0278,0.0249,0.0182,0.0122,0.0111,0.0102,0.0089,0.0079,0.00626,0.00577,0.00531,0.000767,0.000395,0.000352,0.000426,0.000291,0.000277,0.000268,0.000257
Antigua and Barbuda,0,0,0,0,0,0,0,0.0000139,0.0000273,0.0000268,0.0000132,0.0000518,0.0000639,0.000063,0.000162,0.00016,0.00023,0.000297,0.000305,0.000323,0.000341,0.000358,0.000498,0.000536,0.000573,0.000599,0.000878,0.000985,0.00111,0.00123
Argentina,0.0000102,0.000006,0.0000034,0.0000029,0.0000136,0.0000095,0.0000062,0.0000045,0.0000039,0.0000161,0.0000165,0.0000177,0.0000205,0.0000206,0.0000207,0.000022,0.0000228,0.0000295,0.0000261,0.000015,0.0000136,0.0000125,0.0000107,0.0000092,0.0000075,0.0000045,0.0000029,0.0000025,0.0000026,0.0000024
Armenia,0.0000003,0.0000003,0.0566,0.0595,0.0615,0.0626,0.0641,0.065,0.0621,0.0626,0.00188,0.00236,0.00437,0.00436,0.00447,0.00468,0.00504,0.00526,0.00562,0.00623,0.0061,0.00573,0.00552,0.00414,0.00407,0.00383,0.00365,0.00366,0.00374,0.00371
Australia,0,0,0,0,0.0000001,0.0000001,0.0000001,0.0000001,0.0000001,0.0000002,0.0000002,0.0000001,0.0000005,0.0000008,0.0000007,0.0000022,0.0000014,0.000003,0.000002,0.0000013,0.0000017,0.0000017,0.0000021,0.0000012,0.0000011,0.0000008,0.0000006,0,0.0000005,0.0000007
Austria,0,0,0,0,0.0000075,0.0000061,0.0000065,0.0000068,0.0000075,0.000006,0.0000043,0.0000036,0.0000089,0.0000081,0.0000057,0.000008,0.0000041,0.0000028,0.0000017,0.0000014,0.0000012,0.0000013,0.0000014,0.0000012,0.0000012,0.0000005,0.0000007,0,0.0000026,0.0000022
Azerbaijan,0,0,0.0402,0.0433,0.0389,0.0258,0.0301,0.0296,0.0413,0.0386,0.035,0.0328,0.0314,0.0303,0.0297,0.0274,0.0146,0.00182,0.00185,0.0019,0.00185,0.00177,0.00168,0.00115,0.00111,0.00101,0.00104,0.0011,0.00113,0.00116
Bahamas,0,0,0,0,0,0,0,0,0.0000034,0.0000034,0.0000034,0,0.0000033,0.0000032,0.0000031,0.0000031,0.0000423,0.0000415,0.0000436,0.0000429,0.0000479,0.000515,0.000539,0.000572,0.00058,0.000575,0.000791,0.000977,0.00108,0.00128
Bahrain,0.0000786,0.000102,0.000101,0.000112,0.000137,0.000126,0.000109,0.000138,0.000158,0.000203,0.000143,0.0000659,0.000068,0.0000668,0.0000627,0.0000461,0.0000647,0.0000705,0.0000718,0.0000667,0.0000701,0.000168,0.000228,0.000209,0.00026,0.000307,0.000324,0.000326,0.000346,0.000341
Bangladesh,0.0000046,0.0000058,0.000499,0.000518,0.000498,0.000495,0.000493,0.000369,0.000038,0.0000357,0.0000423,0.0000426,0.0000438,0.0000413,0.0000418,0.0000525,0.0000554,0.0000718,0.00007,0.0000715,0.0000681,0.0000674,0.0000673,0.0000637,0.0000704,0.0000779,0.0000877,0.000105,0.00013,0.00014
Barbados,0,0,0,0,0.0000151,0.0000113,0.0000075,0.0000112,0.0000186,0.0000148,0.0000295,0.0000257,0.0000329,0.0000401,0.0000254,0.000029,0.0000973,0.000136,0.000121,0.000103,0.000113,0.000159,0.000194,0.000236,0.000302,0.000347,0.000518,0.000583,0.000747,0.000857
Belarus,0,0,0,0.0000002,0.0000037,0.0000083,0.0000499,0.0000303,0.0000291,0.000152,0.000255,0.000377,0.000653,0.000807,0.000857,0.000926,0.000985,0.000524,0.00057,0.000586,0.00061,0.000629,0.000657,0.000467,0.000456,0.000437,0.000406,0.000385,0.000374,0.000363
Belgium,0,0,0,0,0.0000002,0.0000003,0.0000005,0.000001,0.0000014,0.0000016,0.0000018,0.0000013,0.0000026,0.0000038,0.0000043,0.000009,0.000006,0.0000056,0.0000057,0.0000065,0.0000076,0.0000082,0.0000084,0.000007,0.0000067,0.0000058,0.000004,0.0000046,0.0000047,0.0000032
Belize,0,0,0,0,0.0000397,0.0000387,0.000014,0,0,0.000046,0.0000485,0,0.0000038,0.0000371,0.0000325,0.0000282,0.0000618,0.0000569,0.0000652,0.000054,0.0000713,0.0000969,0.000115,0.000116,0.000127,0.000141,0.000155,0.000157,0.00018,0.000187
Benin,0.0000004,0.0000008,0.0000008,0.0000123,0.0000135,0.0000091,0.0000075,0.0000073,0.0000087,0.0000078,0.0000079,0.0000078,0.0000318,0.0000375,0.0000399,0.0000515,0.0000262,0.0000321,0.0000366,0.0000459,0.000048,0.0000487,0.000047,0.0000302,0.0000331,0.000039,0.000045,0.0000498,0.0000579,0.0000612
Bhutan,0,0.0178,0.141,0.16,0.194,0.196,0.197,0.197,0.187,0.186,0.184,0.184,0.183,0.166,0.165,0.164,0.164,0.166,0.156,0.131,0.11,0.0836,0.0593,0.0444,0.0329,0.0243,0.016,0.0106,0.00942,0.00916
Bolivia,0.000106,0.0000096,0.0000039,0.0000056,0.0000237,0.0000236,0.0000228,0.0000203,0.0000226,0.0000211,0.0000208,0.0000182,0.000025,0.0000296,0.0000314,0.0000291,0.0000398,0.0000448,0.0000467,0.000058,0.0000587,0.0000598,0.0000596,0.000057,0.000056,0.0000525,0.0000487,0.0000451,0.0000449,0.0000453
Bosnia and Herzegovina,0,0,0.103,0.152,0.197,0.201,0.264,0.227,0.171,0.16,0.135,0.119,0.108,0.0797,0.0608,0.0292,0.0531,0.0208,0.0198,0.0187,0.017,0.016,0.0144,0.00756,0.00629,0.00547,0.00537,0.00527,0.0051,0.00502
Botswana,0.0000023,0.0000023,0.0000022,0.0000029,0.0000146,0.000017,0.0000153,0.000011,0.0000102,0.0000062,0.0000018,0.0000012,0.0000029,0.0000029,0.0000034,0.0000022,0.0000065,0.0000085,0.0000136,0.0000154,0.0000267,0.0000422,0.0000623,0.0000815,0.000114,0.000145,0.000126,0.000126,0.00013,0.000101
Brazil,0.0000001,0.0000001,0.0000001,0.0000001,0.0000003,0.0000003,0.0000005,0.0000006,0.0000008,0.0000011,0.0000013,0.0000014,0.0000025,0.0000021,0.0000022,0.000002,0.0000038,0.0000085,0.0000073,0.000005,0.0000051,0.0000053,0.0000054,0.0000049,0.0000048,0.0000044,0.0000039,0.000004,0.000005,0.0000066
Brunei,0,0,0,0,0,0.0000101,0,0,0,0,0,0,0.0000058,0.0000028,0.0000028,0.000134,0.0000054,0.0000053,0.0000026,0.0000026,0.0000026,0.0000025,0.0000025,0.0000025,0.0000024,0,0.0000024,0,0.000007,0.0000115
Bulgaria,0.000217,0.000312,0.000344,0.000368,0.000553,0.000496,0.000391,0.000371,0.000384,0.000329,0.000301,0.000267,0.000361,0.000329,0.000286,0.000553,0.00045,0.000437,0.000404,0.000367,0.000345,0.000315,0.000293,0.000258,0.000227,0.000176,0.000113,0.000101,0.0000889,0.000081
Burkina Faso,0.0000002,0.0000009,0.0000066,0.0000066,0.0000068,0.0000062,0.0000069,0.0000111,0.0000094,0.0000094,0.0000112,0.0000082,0.0000796,0.0000674,0.0000447,0.0000452,0.0000272,0.0000392,0.0000494,0.0000654,0.0000734,0.000079,0.0000881,0.0000928,0.000106,0.000119,0.000126,0.00014,0.00058,0.000578
Burundi,0.0352,0.0402,0.0324,0.15,0.0661,0.0586,0.0707,0.0848,0.0812,0.0842,0.0891,0.0849,0.0857,0.0769,0.0681,0.0596,0.0521,0.0478,0.0347,0.0112,0.00969,0.0113,0.00793,0.00761,0.00736,0.0288,0.0389,0.0406,0.0347,0.0331
Cambodia,0.00606,0.00465,0.003,0.000978,0.000828,0.00575,0.00567,0.00914,0.0066,0.00322,0.00303,0.0028,0.00265,0.00244,0.00139,0.00134,0.00133,0.00129,0.00124,0.00121,0.00114,0.00105,0.000949,0.000915,0.000856,0.000825,0.000788,0.000763,0.000747,0.000727
Cameroon,0.0000085,0.0000001,0.0000066,0.0000134,0.000018,0.000148,0.000151,0.000157,0.0000916,0.000109,0.000133,0.000171,0.000319,0.000369,0.000442,0.000513,0.00057,0.000614,0.00072,0.000746,0.000736,0.000725,0.000623,0.000518,0.000475,0.000454,0.000434,0.000447,0.00179,0.00256
Canada,0,0.0000001,0.0000001,0.0000001,0.0000001,0.0000001,0.0000003,0.0000004,0.0000005,0.0000006,0.0000008,0.0000001,0.0000016,0.0000019,0.0000018,0.0000038,0.0000029,0.0000161,0.000003,0.0000029,0.0000026,0.0000032,0.0000035,0.0000028,0.0000027,0.0000022,0.0000023,0.000002,0.0000023,0.000002
Cape Verde,0,0,0.0000028,0.0000027,0.0000027,0.0000026,0.0000051,0.0000049,0.0000024,0.0000048,0.0000047,0.0000092,0.0000181,0.00002,0.0000175,0.0000108,0.0000853,0.0000674,0.0000624,0.0000493,0.0000507,0.0000541,0.0000495,0.0000547,0.0000521,0.0000534,0.0000245,0,0.0000239,0.0000236
Central African Republic,0.0000356,0.000111,0.00011,0.000103,0.0000848,0.0000751,0.0000725,0.0000439,0.0000498,0.0000551,0.0000382,0.00771,0.00667,0.00912,0.00785,0.0106,0.0174,0.0234,0.0293,0.0368,0.0376,0.0369,0.0371,0.0569,0.0923,0.105,0.108,0.119,0.127,0.129
Chad,0.031,0.0117,0.0104,0.0324,0.0313,0.00852,0.00806,0.00733,0.00789,0.0073,0.00658,0.00533,0.00525,0.00558,0.00541,0.00479,0.00347,0.00515,0.00493,0.00476,0.0045,0.00345,0.0031,0.00368,0.00353,0.00106,0.000975,0.00109,0.000704,0.000703
Chile,0.0011,0.00104,0.00102,0.00109,0.00109,0.000993,0.000878,0.000661,0.000468,0.000102,0.0000561,0.0000538,0.000109,0.0000981,0.0000746,0.000058,0.0000492,0.0000587,0.0000595,0.0000777,0.0000686,0.000069,0.0000662,0.0000339,0.0000326,0.0000312,0.0000273,0.0000261,0.0000257,0.000026
China,0.0000012,0.0000017,0.0000684,0.0000915,0.0000926,0.0000844,0.0000845,0.0000846,0.000086,0.0000874,0.000086,0.0000904,0.000101,0.000101,0.000102,0.0000933,0.000105,0.000111,0.000129,0.000133,0.000135,0.000138,0.00014,0.00014,0.000151,0.000151,0.000147,0.000146,0.000149,0.000149
Colombia,0.0000149,0.0000219,0.0000245,0.0000297,0.0000381,0.0000522,0.0000585,0.000063,0.0000922,0.000113,0.000234,0.000446,0.000749,0.000916,0.00113,0.00142,0.00169,0.0126,0.00844,0.00871,0.00875,0.00867,0.00855,0.00853,0.00767,0.00716,0.00646,0.00392,0.00279,0.00376
Comoros,0.0000097,0.0000047,0.0000046,0.0000045,0.0000108,0.000021,0.0000266,0.0000199,0.000064,0.0000586,0.0000516,0.0000468,0.0000755,0.0000994,0.0000837,0.0000997,0.000115,0.00015,0.000575,0.000398,0.000534,0.000597,0.000627,0.000692,0.000765,0.000709,0.000724,0.000707,0.000747,0.000771
"Congo, Dem. Rep.",0.00195,0.00183,0.00218,0.00193,0.00182,0.00216,0.00371,0.00397,0.00354,0.00557,0.00789,0.0081,0.00845,0.00882,0.00871,0.00787,0.0071,0.00634,0.00609,0.0073,0.00738,0.00736,0.00738,0.007,0.00701,0.0071,0.00682,0.00763,0.00857,0.0093
"Congo, Rep.",0.0000008,0.0000017,0.0000028,0.0000043,0.0000122,0.0000654,0.0000793,0.00738,0.00581,0.00899,0.00882,0.00753,0.00846,0.0085,0.00802,0.00675,0.0055,0.00509,0.00497,0.00496,0.00484,0.00292,0.00269,0.00254,0.00306,0.00304,0.00267,0.00259,0.00255,0.00251
Costa Rica,0,0.0000003,0.0000015,0.0000015,0.0000645,0.0000595,0.0000383,0.0000242,0.0000142,0.0000196,0.0000144,0.0000213,0.0000239,0.0000221,0.0000327,0.0000415,0.0000654,0.000082,0.0000793,0.0000761,0.0000769,0.0000714,0.0000693,0.0000976,0.000087,0.0000782,0.0000425,0.0000384,0.0000422,0.0000416
Cote d'Ivoire,0.0000002,0.0000011,0.0000027,0.0000031,0.0000071,0.0000142,0.0000183,0.0000238,0.0000344,0.0000351,0.000047,0.0000509,0.00138,0.00191,0.00132,0.000999,0.0014,0.00116,0.00113,0.00115,0.00203,0.00736,0.00467,0.00388,0.00318,0.00306,0.00197,0.00163,0.00153,0.00153
Croatia,0,0,0.0356,0.0323,0.0164,0.0532,0.0678,0.0771,0.0753,0.0794,0.0757,0.0659,0.0625,0.0524,0.0492,0.0272,0.0215,0.023,0.0223,0.0176,0.0152,0.0145,0.0146,0.0116,0.00943,0.0079,0.00623,0.00594,0.0058,0.00576
Cuba,0.00128,0.00165,0.00198,0.00208,0.00215,0.00228,0.00233,0.00227,0.00213,0.0021,0.00181,0.0017,0.00161,0.00143,0.00139,0.00169,0.00298,0.000667,0.000706,0.000672,0.000666,0.000699,0.000687,0.000661,0.000664,0.000603,0.000525,0.000469,0.000484,0.000586
Cyprus,0.0000143,0,0,0,0.0000072,0.0000105,0.0000114,0.000009,0.0000121,0.0000173,0.0000117,0.0000052,0.0000072,0.000005,0.000002,0.0000049,0.0000048,0.0000085,0.0000092,0.00001,0.0000117,0.0000098,0.0000097,0.0000087,0.0000087,0.0000034,0.0000017,0,0.0000084,0.0000033
Czech Republic,0.000592,0.000434,0.000321,0.000484,0.000449,0.000197,0.0000944,0.0000675,0.000187,0.000121,0.0000787,0.000115,0.000681,0.000654,0.000444,0.00035,0.000208,0.000134,0.00013,0.000102,0.0000775,0.0000722,0.0000588,0.0000936,0.000125,0.000121,0.00012,0.00012,0.000116,0.000109
Denmark,0,0,0,0,0.0000021,0.0000034,0.0000065,0.0000063,0.0000053,0.0000047,0.0000047,0.0000006,0.0000015,0.0000019,0.0000019,0.0000022,0.0000022,0.0000026,0.000002,0.0000018,0.0000016,0.0000016,0.0000016,0.0000018,0.0000021,0.0000016,0.0000004,0,0.0000003,0.0000014
Djibouti,0.0000085,0.0000165,0.0000179,0.0000614,0.029,0.0287,0.0281,0.0123,0.00473,0.00268,0.00266,0.000617,0.000631,0.000687,0.000641,0.000644,0.000612,0.000804,0.000796,0.000751,0.000674,0.000705,0.000737,0.000863,0.000978,0.00117,0.00155,0.00184,0.00222,0.00242
Dominica,0,0,0,0,0,0,0.0000141,0.0000142,0.0000142,0.000043,0.0000287,0.0000718,0.0000859,0.000243,0.000355,0.000425,0.000693,0.000819,0.000791,0.000748,0.000734,0.000733,0.000761,0.000605,0.000534,0.000534,0.000337,0.000364,0.000558,0.00071
Dominican Republic,0,0,0,0.0000001,0.0000038,0.0000038,0.0000036,0.0000058,0.0000051,0.0000054,0.0000055,0.0000053,0.0000095,0.0000104,0.0000108,0.0000074,0.0000163,0.0000383,0.0000336,0.000024,0.0000254,0.0000255,0.0000291,0.0000305,0.0000343,0.0000372,0.0000347,0.0000392,0.0000449,0.000051
Ecuador,0.0000003,0.0000026,0.0000037,0.0000043,0.0000155,0.000018,0.0000189,0.0000182,0.000042,0.0000399,0.0000529,0.0000506,0.0000625,0.0000546,0.0000535,0.0000561,0.0000631,0.0000932,0.0000733,0.0000695,0.0000568,0.0000596,0.0000545,0.000045,0.0000504,0.0000622,0.0000634,0.0000736,0.0000838,0.0000957
Egypt,0.0000009,0.0000017,0.0000036,0.0000043,0.0000082,0.000014,0.0000189,0.0000265,0.0000395,0.0000517,0.0000574,0.0000667,0.0000901,0.0000787,0.0000725,0.0000833,0.000099,0.0000869,0.0000851,0.0000862,0.0000835,0.0000939,0.000116,0.000145,0.000176,0.000194,0.00021,0.000229,0.000253,0.000274
El Salvador,0.0057,0.00619,0.0057,0.00476,0.00553,0.00418,0.00345,0.00298,0.00217,0.00212,0.00132,0.00121,0.00111,0.000944,0.000746,0.000707,0.00105,0.000986,0.00084,0.00082,0.000805,0.00108,0.00131,0.00154,0.00174,0.00234,0.00309,0.00405,0.00507,0.00648
Equatorial Guinea,0,0.000139,0.000255,0.000463,0.000714,0.000691,0.00077,0.000882,0.000752,0.000737,0.00084,0.000838,0.000838,0.000861,0.00077,0.000636,0.000588,0.000495,0.000446,0.000382,0.000323,0.000261,0.000221,0.000186,0.000155,0.000132,0.000117,0.0000967,0.00011,0.000122
Eritrea,0.000019,0.221,0.223,0.191,0.19,0.13,0.151,0.145,0.157,0.155,0.164,0.14,0.128,0.0477,0.0482,0.051,0.0664,0.0697,0.0609,0.067,0.0702,0.0784,0.0878,0.0939,0.11,0.122,0.136,0.142,0.147,0.144
Estonia,0,0.0000013,0.0000388,0.0000638,0.000204,0.000245,0.000924,0.000898,0.000563,0.000451,0.000325,0.000344,0.000767,0.000748,0.000627,0.000548,0.000464,0.000195,0.000185,0.000186,0.00018,0.000169,0.000345,0.000267,0.000257,0.000242,0.000232,0.000211,0.000212,0.000204
Eswatini,0,0,0,0.0000011,0.0000143,0.0000162,0.000018,0.0000208,0.0000306,0.0000282,0.0000159,0.0000148,0.0000186,0.0000049,0.0000136,0.0000126,0.0000212,0.000024,0.0000305,0.0000303,0.0000338,0.0000401,0.0000602,0.0001,0.000147,0.000199,0.000206,0.000197,0.000211,0.000188
Ethiopia,0.0281,0.00506,0.00609,0.00473,0.0041,0.00177,0.00163,0.00139,0.00113,0.0011,0.001,0.000866,0.000873,0.000868,0.000851,0.000857,0.000943,0.000742,0.00077,0.000738,0.000786,0.000783,0.000809,0.000809,0.000886,0.000851,0.00081,0.000821,0.000844,0.000854
Fiji,0.0000014,0.0000014,0.0000255,0.000118,0.000204,0.000286,0.000389,0.000411,0.000376,0.000407,0.000494,0.000898,0.00131,0.00133,0.00157,0.00168,0.00204,0.00219,0.00221,0.00222,0.00215,0.00183,0.00152,0.00128,0.00107,0.00102,0.000908,0.000837,0.000767,0.000666
Finland,0,0,0,0,0,0.0000002,0.0000002,0.0000004,0.0000012,0.0000012,0.000001,0.0000004,0.0000017,0.0000013,0.0000006,0.000001,0.0000011,0.0000008,0.0000008,0.0000011,0.0000011,0.0000013,0.0000013,0.0000013,0.0000013,0.0000015,0.0000007,0,0.0000009,0
France,0,0,0,0,0.0000003,0.0000003,0.0000008,0.000001,0.0000011,0.0000011,0.0000013,0.0000007,0.0000015,0.0000018,0.0000018,0.0000047,0.0000013,0.0000016,0.0000016,0.0000014,0.0000015,0.0000016,0.0000016,0.0000015,0.0000014,0.0000015,0.0000008,0.0000008,0.0000009,0.0000008
Gabon,0,0,0.000017,0.0000175,0.0000208,0.000023,0.0000216,0.0000166,0.0000239,0.0000217,0.0000212,0.0000215,0.0000287,0.0000295,0.0000391,0.0000583,0.0000664,0.0000788,0.000085,0.0000918,0.000102,0.000103,0.000105,0.0000969,0.0000913,0.0000909,0.0000852,0.000102,0.000164,0.000203
Gambia,0.0000042,0.0000151,0.0000234,0.0000245,0.0000274,0.000143,0.000266,0.000351,0.00046,0.00053,0.000569,0.00054,0.000613,0.000515,0.000457,0.00109,0.000788,0.000773,0.0008,0.00113,0.00125,0.0014,0.00161,0.00173,0.00254,0.00407,0.0054,0.00657,0.00757,0.00759
Georgia,0,0,0,0.00115,0.001,0.0000619,0.01,0.01,0.0078,0.0067,0.005,0.00407,0.00399,0.00295,0.00157,0.00173,0.00151,0.00283,0.00304,0.00365,0.0026,0.00248,0.00228,0.00167,0.00166,0.00161,0.00159,0.00162,0.00174,0.00188
Germany,0,0.0000001,0.0000001,0.0000001,0.0000056,0.0000048,0.0000052,0.0000054,0.0000085,0.0000159,0.0000145,0.0000127,0.0000114,0.0000089,0.000001,0.000001,0.0000014,0.0000016,0.000002,0.0000021,0.000002,0.0000022,0.0000022,0.0000022,0.0000022,0.000002,0.0000009,0.0000008,0.0000009,0.0000009
Ghana,0.000318,0.000309,0.000305,0.000278,0.000863,0.000799,0.000864,0.000825,0.000743,0.000707,0.000766,0.000737,0.000775,0.000765,0.000694,0.000845,0.000445,0.000221,0.000562,0.000616,0.000815,0.000802,0.000935,0.000792,0.000813,0.000825,0.000546,0.000581,0.000608,0.000606
Greece,0.0000016,0.0000006,0.0000001,0.0000001,0.0000088,0.0000207,0.0000231,0.0000163,0.0000159,0.0000149,0.0000113,0.0000087,0.0000269,0.0000241,0.0000199,0.0000295,0.0000081,0.0000083,0.0000061,0.0000057,0.0000047,0.0000052,0.0000047,0.0000085,0.0000106,0.0000105,0.0000099,0.0000096,0.0000102,0.0000093
Grenada,0.0000415,0.0000415,0.0000103,0,0.0000302,0.0000598,0.000109,0.000118,0.000196,0.000352,0.000233,0.000513,0.000704,0.00074,0.000949,0.00145,0.00192,0.00282,0.00296,0.00315,0.00325,0.00302,0.00294,0.00305,0.00298,0.00246,0.000916,0.000929,0.00087,0.000723
Guatemala,0.00518,0.00555,0.00556,0.00506,0.00488,0.00412,0.00379,0.00344,0.00294,0.00247,0.00178,0.00141,0.00114,0.000536,0.000342,0.000258,0.000485,0.00045,0.000424,0.000403,0.000388,0.000407,0.000418,0.000424,0.00047,0.000633,0.000757,0.000962,0.00111,0.0013
Guinea,0,0.0000003,0.0000028,0.0000045,0.000015,0.0000607,0.0000701,0.0000846,0.000118,0.000143,0.000182,0.00024,0.000398,0.000442,0.000536,0.000639,0.000735,0.00087,0.000975,0.0011,0.00118,0.00126,0.00132,0.00134,0.00137,0.00149,0.00149,0.00168,0.00189,0.0021
Guinea-Bissau,0.00513,0.00502,0.00491,0.0048,0.0047,0.000762,0.000771,0.000766,0.0077,0.00271,0.000737,0.000755,0.000786,0.00076,0.000775,0.000781,0.000729,0.000728,0.000736,0.000747,0.00074,0.000718,0.000735,0.000742,0.000772,0.000847,0.000927,0.00101,0.00109,0.00109
Guyana,0.0000027,0.0000013,0.0000027,0.0000053,0.0000936,0.0000814,0.0000723,0.0000501,0.0000544,0.0000654,0.0000482,0.0000483,0.0000658,0.000105,0.00026,0.000544,0.00072,0.000907,0.000948,0.000972,0.000999,0.00103,0.00106,0.00105,0.000917,0.000666,0.000353,0.000329,0.000363,0.000368
Haiti,0.000297,0.000259,0.00034,0.000518,0.00129,0.0018,0.00192,0.00193,0.00166,0.00105,0.000893,0.000842,0.000882,0.000848,0.00102,0.00147,0.00223,0.00235,0.00239,0.00246,0.0026,0.00333,0.00376,0.00372,0.00352,0.00325,0.00274,0.00259,0.00248,0.00237
Honduras,0.0000036,0.0000041,0.0000078,0.000083,0.000219,0.000214,0.000214,0.000206,0.000177,0.000167,0.000137,0.000116,0.0000971,0.000085,0.0000665,0.0000717,0.000136,0.000158,0.00014,0.000143,0.000157,0.000232,0.000302,0.000375,0.000464,0.000752,0.00113,0.00153,0.00197,0.00271
Hungary,0.000556,0.000457,0.000386,0.000484,0.000432,0.000227,0.000298,0.000259,0.000121,0.0000781,0.0000507,0.0000935,0.000346,0.000335,0.000272,0.000349,0.00031,0.000338,0.000162,0.000154,0.000145,0.000125,0.00011,0.000124,0.000129,0.000148,0.000298,0.000342,0.000404,0.000413
Iceland,0,0,0,0,0,0,0.0000148,0.0000183,0.0000182,0.000018,0.0000178,0,0.0000456,0.0000417,0.0000344,0.0000237,0.000103,0.0000229,0.0000225,0.0000127,0.0000125,0.0000093,0.0000092,0.0000061,0.000003,0,0,0,0.0000119,0.0000177
India,0.0000002,0.0000005,0.0000011,0.0000016,0.0000035,0.0000052,0.0000077,0.0000089,0.0000095,0.0000095,0.0000108,0.0000108,0.0000131,0.0000123,0.0000118,0.0000142,0.0000153,0.0000173,0.0000163,0.000016,0.0000144,0.000013,0.0000113,0.0000086,0.0000081,0.0000075,0.0000055,0.0000059,0.0000071,0.0000088
Indonesia,0.0000395,0.0000334,0.0000364,0.0000415,0.000045,0.0000499,0.0000569,0.0000434,0.000044,0.0000432,0.0000433,0.0000418,0.0000456,0.0000737,0.000125,0.000152,0.000151,0.0000885,0.0000822,0.0000763,0.0000698,0.0000656,0.0000625,0.0000587,0.0000565,0.000054,0.0000499,0.0000472,0.0000454,0.0000446
Iran,0.00135,0.00226,0.00219,0.00193,0.002,0.00183,0.00167,0.00149,0.00141,0.00134,0.00135,0.00139,0.00206,0.0018,0.00167,0.00143,0.00145,0.000959,0.000958,0.000998,0.000933,0.000969,0.00101,0.000982,0.00106,0.00108,0.00118,0.00147,0.00159,0.00156
Iraq,0.0651,0.0739,0.073,0.0407,0.0384,0.0357,0.0344,0.033,0.0305,0.0282,0.0224,0.0219,0.0169,0.0144,0.0119,0.00974,0.0529,0.0827,0.0671,0.0616,0.0566,0.0465,0.0234,0.0121,0.0108,0.00742,0.00863,0.00965,0.00969,0.00876
Ireland,0,0,0,0,0.0000008,0.0000006,0.0000006,0.0000003,0,0,0.0000008,0.0000008,0.0000018,0.0000015,0.0000007,0.0000051,0.0000009,0.0000023,0.0000016,0.0000016,0.0000018,0.0000017,0.000002,0.0000019,0.0000022,0.0000019,0.0000011,0,0.0000008,0.0000008
Israel,0.0000036,0.0000061,0.0000084,0.0000239,0.000174,0.000178,0.000208,0.000177,0.000146,0.0000821,0.00007,0.0000599,0.0000914,0.0000995,0.000105,0.0000968,0.000132,0.000225,0.000213,0.000182,0.000177,0.000178,0.000176,0.000135,0.000125,0.0001,0.000061,0.0000557,0.0000599,0.0000543
Italy,0,0,0,0.0000001,0.0000026,0.0000021,0.000002,0.000002,0.0000014,0.0000009,0.0000008,0.0000006,0.0000039,0.0000036,0.0000033,0.0000037,0.0000018,0.0000015,0.0000011,0.0000008,0.0000008,0.000001,0.0000011,0.0000011,0.0000011,0.0000012,0.0000008,0.0000008,0.0000011,0.0000013
Jamaica,0,0,0,0.0000012,0.0000028,0.0000039,0.000007,0.0000081,0.0000103,0.0000125,0.0000139,0.0000138,0.0000546,0.0000956,0.000128,0.000179,0.00024,0.000277,0.000297,0.000325,0.000376,0.000442,0.000495,0.000526,0.000588,0.000646,0.00069,0.000756,0.000836,0.000862
Japan,0,0,0,0,0.0000001,0,0,0,0,0,0,0,0.0000001,0.0000001,0.0000002,0.0000001,0.0000013,0.0000041,0.0000014,0.0000012,0.0000012,0.0000014,0.0000013,0.0000012,0.000002,0.0000011,0.0000005,0.0000003,0.0000004,0.0000003
Jordan,0.0000154,0.0000298,0.000046,0.0000576,0.0001,0.000112,0.00015,0.000148,0.000182,0.000193,0.000179,0.000149,0.000242,0.000214,0.000209,0.00031,0.000268,0.000286,0.000288,0.000309,0.00031,0.000294,0.000293,0.000192,0.000193,0.000199,0.000202,0.000215,0.000245,0.000238
Kazakhstan,0,0,0.0000001,0.0000001,0.0000017,0.0000088,0.00257,0.00265,0.00135,0.000603,0.00017,0.000188,0.000422,0.000434,0.000401,0.00028,0.000474,0.000333,0.000304,0.000233,0.000223,0.000212,0.000213,0.000125,0.000129,0.000129,0.000133,0.000132,0.000138,0.000149
Kenya,0.0000004,0.0000013,0.0000025,0.0000033,0.000326,0.000336,0.000328,0.000325,0.0002,0.000197,0.0000742,0.0000779,0.0000918,0.0000912,0.000108,0.000127,0.000142,0.000195,0.000244,0.000235,0.000205,0.000203,0.000202,0.000189,0.000183,0.000165,0.000154,0.00015,0.000146,0.000153
Kiribati,0,0,0,0,0,0,0,0,0,0,0,0,0.0000344,0.00018,0.000354,0.000357,0.000435,0.000394,0.000385,0.000327,0.000321,0.000315,0.00031,0.000185,0.0000274,0.000018,0.0000089,0,0.0000086,0.0000085
Kuwait,0.000021,0.0000231,0.0000387,0.0000502,0.000456,0.000474,0.000525,0.000482,0.000453,0.000508,0.000338,0.000333,0.000332,0.000285,0.000181,0.000168,0.00026,0.000298,0.000321,0.000333,0.00033,0.000353,0.000357,0.000277,0.000266,0.000283,0.000258,0.000267,0.000304,0.000311
Kyrgyz Republic,0,0,0,0.0000002,0.0000031,0.0000048,0.0037,0.00347,0.00156,0.000824,0.000152,0.000138,0.000591,0.000626,0.000653,0.000615,0.000486,0.000435,0.000479,0.00049,0.000506,0.000573,0.000621,0.000401,0.000419,0.00042,0.000424,0.000445,0.000467,0.000463
Lao,0.0319,0.0279,0.0214,0.0161,0.0116,0.012,0.00947,0.0074,0.00564,0.00409,0.00302,0.00233,0.00205,0.00186,0.00285,0.00425,0.00452,0.00168,0.00142,0.00137,0.00135,0.00127,0.00124,0.00118,0.00113,0.00109,0.00106,0.00101,0.000983,0.000942
Latvia,0,0,0.0000015,0.0000015,0.0000366,0.0000638,0.00079,0.000781,0.000417,0.000377,0.000206,0.000262,0.00132,0.00138,0.00124,0.00108,0.00064,0.000301,0.000351,0.000369,0.000336,0.000339,0.00032,0.000114,0.000105,0.0000966,0.0000871,0.0000805,0.0000809,0.0000776
Lebanon,0.00249,0.00291,0.00333,0.00328,0.0046,0.00383,0.00302,0.0028,0.00265,0.00205,0.00266,0.0022,0.00629,0.00568,0.00435,0.0039,0.00257,0.00275,0.00272,0.00338,0.0032,0.00289,0.00273,0.000646,0.000683,0.000669,0.000706,0.000775,0.000822,0.000849
Lesotho,0.0000023,0.0000023,0,0.0000302,0,0,0.000001,0.0000015,0.0000015,0.0000015,0.000002,0.0000005,0.000002,0.000003,0.0000035,0.000003,0.0000045,0.0000035,0.000004,0.000005,0.0000055,0.0000055,0.0000065,0.0000074,0.0000083,0.0000083,0.0000058,0.0000029,0.0000052,0.0000061
Liberia,0.354,0.33,0.26,0.356,0.402,0.364,0.363,0.212,0.145,0.109,0.0937,0.0828,0.0911,0.115,0.107,0.0718,0.0482,0.0264,0.0208,0.0191,0.018,0.0166,0.00566,0.00413,0.00311,0.00223,0.00143,0.00127,0.00115,0.00109
Libya,0.000131,0.000185,0.000147,0.000126,0.000138,0.000126,0.0000558,0.0000535,0.0000833,0.000108,0.000115,0.000163,0.000263,0.000279,0.000301,0.000272,0.000267,0.000327,0.000344,0.000359,0.000373,0.000702,0.000835,0.000524,0.000661,0.000949,0.00136,0.0017,0.00208,0.00237
Liechtenstein,0,0,0,0,0,0,0,0,0,0,0,0,0,0,0,0,0,0,0,0,0,0,0,0,0,0,0,0,0,0.0000526
Lithuania,0.0000011,0.0000011,0.0000022,0.000003,0.0000173,0.0000301,0.000184,0.000181,0.0000793,0.0000731,0.0000465,0.0000622,0.000398,0.000451,0.000438,0.000433,0.000285,0.000143,0.000152,0.000158,0.000165,0.000171,0.000161,0.0000731,0.0000616,0.0000491,0.0000253,0.0000221,0.000025,0.0000246
Luxembourg,0,0,0,0,0,0,0,0,0,0,0,0,0,0,0.0000022,0.0000022,0.0000043,0.0000042,0,0,0,0,0,0.0000018,0.0000036,0.0000035,0.0000035,0,0.000005,0.0000065
Madagascar,0,0.0000001,0.0000001,0.0000001,0.0000002,0.0000059,0.0000057,0.0000053,0.0000045,0.0000035,0.0000034,0.0000025,0.0000032,0.0000051,0.0000076,0.0000111,0.0000138,0.0000146,0.0000139,0.0000133,0.0000128,0.0000133,0.0000135,0.0000129,0.0000119,0.0000118,0.0000119,0.0000108,0.0000113,0.0000112
Malawi,0.0000056,0.0000052,0.0000052,0.0000045,0.0000062,0.0000038,0.0000039,0.0000033,0.0000027,0.0000031,0.000003,0.0000022,0.0000041,0.0000049,0.0000076,0.000008,0.0000087,0.0000073,0.0000077,0.0000092,0.0000118,0.0000148,0.000018,0.0000206,0.0000222,0.0000254,0.0000248,0.0000237,0.0000262,0.0000327
Malaysia,0,0.0000002,0.0000002,0.0000002,0.0000041,0.0000039,0.0000049,0.000004,0.0000041,0.0000038,0.0000035,0.0000033,0.0000049,0.0000097,0.0000116,0.0000153,0.0000223,0.000023,0.0000223,0.0000192,0.0000196,0.0000187,0.0000183,0.0000165,0.0000157,0.0000145,0.0000149,0.000017,0.0000261,0.0000362
Maldives,0.0000045,0.0000044,0,0,0,0,0.0000039,0.0000038,0.0000075,0.000011,0.0000143,0.0000105,0.0000102,0.0000033,0.0000096,0.0000407,0.0000519,0.0000507,0.0000466,0.0000453,0.000052,0.0000552,0.0000604,0.0000746,0.0000828,0.0000923,0.00012,0.000109,0.000142,0.000143
Mali,0.0000001,0.0017,0.00804,0.0108,0.0185,0.00806,0.00561,0.00178,0.000357,0.0000364,0.0000333,0.0000276,0.0000457,0.0000385,0.000039,0.0000407,0.000045,0.000329,0.000125,0.000201,0.000243,0.000277,0.00938,0.00929,0.00822,0.00884,0.00871,0.00812,0.0083,0.00837
Malta,0.0000028,0.0000027,0.0000027,0,0.0000187,0.0000345,0.0000473,0.0000365,0.0000439,0.0000563,0.0000406,0.0000177,0.0000201,0.0000175,0.0000074,0.0000124,0.0000689,0.0000221,0.000022,0.0000219,0.0000145,0.0000144,0.0000142,0.0000141,0.0000116,0.0000023,0,0,0.0000091,0.0000091
Marshall Islands,0,0,0,0,0,0,0,0,0,0,0,0,0,0,0,0,0,0,0,0,0,0,0.0000353,0.0000527,0.0000525,0.0000522,0.000052,0.000121,0.00012,0.000119
Mauritania,0.0324,0.0383,0.0371,0.0309,0.0302,0.0364,0.0351,0.0289,0.0281,0.0117,0.0113,0.0111,0.0108,0.0107,0.0106,0.0105,0.0107,0.0103,0.0138,0.0115,0.0108,0.0111,0.00911,0.00897,0.00868,0.00857,0.00871,0.00852,0.00842,0.00827
Mauritius,0,0,0,0,0.0000009,0.0000115,0.0000114,0.0000026,0.0000129,0.0000068,0.0000295,0.0000293,0.0000358,0.0000505,0.0000156,0.0000221,0.0000651,0.0000575,0.0000194,0.0000185,0.0000224,0.0000336,0.0000495,0.0000645,0.0000748,0.0000818,0.000088,0.0000989,0.000127,0.000144
Mexico,0,0,0,0,0.0000028,0.0000039,0.0000056,0.000007,0.0000106,0.0000139,0.0000131,0.0000159,0.0000164,0.000016,0.0000167,0.0000218,0.0000307,0.000051,0.0000556,0.0000572,0.0000597,0.0000646,0.0000719,0.000079,0.0000886,0.000093,0.0000842,0.0000934,0.000102,0.000115
"Micronesia, Fed. Sts.",0,0,0,0,0,0,0,0,0,0,0,0,0,0,0,0,0,0,0,0,0,0,0,0,0,0,0,0,0,0
Moldova,0,0,0,0.0000014,0.000105,0.000122,0.00135,0.0012,0.000647,0.00057,0.000632,0.000892,0.00242,0.00267,0.00286,0.0029,0.00282,0.00119,0.00135,0.00145,0.00152,0.00154,0.00151,0.000542,0.000548,0.000562,0.00057,0.00057,0.000593,0.000602
Monaco,0,0,0,0,0,0,0.0000323,0.000032,0.0000317,0.0000314,0.0000311,0,0.0000305,0.0000302,0,0,0,0,0,0.0000284,0.0000562,0.000111,0.00011,0.0000813,0.0000804,0.0000795,0.0000788,0,0.0000776,0.000077
Mongolia,0.0000005,0.0000005,0.0000004,0.0000004,0.0000018,0.0000017,0.000003,0.0000039,0.0000081,0.0000105,0.0000096,0.0000248,0.000115,0.000131,0.000177,0.000259,0.000339,0.000425,0.000507,0.000559,0.000634,0.000717,0.000748,0.000714,0.000736,0.000733,0.000748,0.000709,0.000711,0.000736
Montenegro,0,0,0,0,0,0,0,0,0,0,0,0,0,0,0,0,0.000219,0.000899,0.00206,0.00414,0.0052,0.00591,0.00648,0.000872,0.000969,0.00104,0.00114,0.00111,0.00114,0.00105
Morocco,0.0000006,0.0000017,0.0000035,0.000004,0.0000068,0.0000112,0.0000108,0.0000112,0.0000126,0.0000132,0.0000136,0.0000125,0.0000431,0.0000433,0.0000438,0.0000959,0.000153,0.00013,0.000112,0.0000716,0.0000706,0.0000705,0.0000724,0.0000388,0.000045,0.0000515,0.0000644,0.0000861,0.000108,0.000128
Mozambique,0.0961,0.0988,0.105,0.0816,0.0157,0.00811,0.00217,0.00205,0.0000035,0.000002,0.0000017,0.0000025,0.0000069,0.0000057,0.0000052,0.0000051,0.000011,0.0000102,0.0000093,0.0000059,0.0000056,0.0000064,0.0000064,0.0000022,0.0000022,0.0000021,0.0000018,0.0000013,0.000002,0.0000026
Myanmar,0.0000007,0.000956,0.00578,0.00656,0.00471,0.00347,0.00322,0.00302,0.00292,0.00285,0.00294,0.00309,0.00311,0.00314,0.00332,0.00337,0.00411,0.00386,0.00369,0.00809,0.00821,0.00813,0.00808,0.00925,0.00916,0.00858,0.00924,0.0217,0.0213,0.02
Namibia,0.000371,0.000138,0.0000099,0.0000855,0.0000408,0.000008,0.0000072,0.0000012,0.0011,0.000397,0.00129,0.00126,0.000703,0.000688,0.000689,0.000633,0.00061,0.000562,0.000482,0.000443,0.00048,0.000498,0.0005,0.000512,0.000551,0.000552,0.000579,0.000565,0.000546,0.000186
Nauru,0,0,0,0,0,0,0,0,0,0.000287,0.00029,0,0,0.0003,0,0,0.000305,0.000305,0.000304,0,0,0,0,0,0,0,0,0,0,0
Nepal,0,0,0.0000001,0,0.0000002,0.0000013,0.000002,0.0000023,0.0000044,0.0000079,0.0000098,0.0000126,0.0000365,0.0000491,0.0000557,0.0000802,0.000101,0.000127,0.000157,0.00019,0.000218,0.000254,0.000282,0.000301,0.000318,0.000336,0.000307,0.000304,0.000306,0.000287
Netherlands,0,0,0,0,0.0000049,0.0000055,0.0000062,0.0000049,0.0000036,0.0000018,0.0000009,0.0000002,0.0000019,0.0000027,0.0000029,0.0000097,0.0000024,0.0000026,0.0000028,0.0000026,0.0000032,0.0000038,0.0000042,0.0000038,0.000004,0.0000041,0.0000022,0.000002,0.0000028,0.0000034
New Zealand,0,0,0,0,0,0,0,0,0,0,0,0,0.0000005,0.0000002,0.0000007,0.000001,0.0000019,0.0000031,0.0000023,0.0000023,0.0000034,0.0000041,0.0000045,0.0000038,0.0000037,0.0000041,0.000006,0.0000072,0.000008,0.0000077
Nicaragua,0.0126,0.011,0.0101,0.00741,0.00627,0.00515,0.00481,0.00466,0.00436,0.00412,0.001,0.000855,0.000776,0.000753,0.00034,0.000269,0.000331,0.00034,0.000271,0.000257,0.000246,0.000249,0.000256,0.000254,0.000258,0.000237,0.000225,0.00023,0.000259,0.000669
Niger,0,0.0000002,0.00257,0.00252,0.0024,0.00108,0.00105,0.000274,0.0000401,0.000047,0.0000435,0.0000411,0.0000684,0.0000576,0.0000525,0.0000481,0.0000578,0.0000563,0.0000522,0.0000519,0.0000488,0.0000479,0.0000468,0.0000369,0.0000384,0.0000695,0.0000594,0.0000622,0.000121,0.000132
Nigeria,0.0000002,0.0000002,0.0000008,0.000001,0.0000056,0.000018,0.000043,0.000027,0.0000344,0.0000372,0.000047,0.0000485,0.000191,0.000185,0.000177,0.000159,0.000093,0.000095,0.0000943,0.000101,0.0000987,0.000105,0.000108,0.000181,0.000516,0.000927,0.00123,0.00125,0.00141,0.00147
North Korea,0,0,0,0,0.0000001,0.0000003,0.0000005,0,0.0000004,0.0000006,0.0000006,0.0000008,0.0000111,0.0000129,0.0000145,0.000012,0.0000165,0.000025,0.0000364,0.0000361,0.0000374,0.0000426,0.0000456,0.0000468,0.0000512,0.0000437,0.0000562,0.0000457,0.0000314,0.0000297
North Macedonia,0,0,0,0.000956,0.000175,0.0065,0.00656,0.00637,0.000964,0.00103,0.00107,0.00597,0.00396,0.00291,0.00248,0.00417,0.00385,0.00391,0.00364,0.00383,0.00381,0.00371,0.00366,0.000784,0.000847,0.000855,0.000835,0.000784,0.000831,0.000861
Norway,0,0,0,0,0.0000005,0.0000002,0.0000002,0.0000007,0.0000009,0.0000009,0.0000009,0.0000007,0.0000011,0.0000013,0.0000011,0.0000032,0.0000009,0.0000006,0.0000008,0.0000008,0.0000014,0.0000014,0.0000018,0.0000026,0.0000025,0.0000023,0.0000019,0,0.0000017,0.0000017
Oman,0,0,0,0,0.0000014,0.0000045,0.0000045,0.0000044,0.0000049,0.0000049,0.0000022,0.0000022,0.0000081,0.0000046,0.0000074,0.0000048,0.0000151,0.0000162,0.0000204,0.0000223,0.0000207,0.0000185,0.0000186,0.0000069,0.0000072,0.0000087,0.0000085,0.0000062,0.0000087,0.0000092
Pakistan,0.0000045,0.0000047,0.0000095,0.0000121,0.0000368,0.0000426,0.0000589,0.0000457,0.0000509,0.0000578,0.0000712,0.0000844,0.000155,0.000159,0.000166,0.000187,0.000156,0.00019,0.000189,0.0002,0.000223,0.000196,0.000266,0.000255,0.00172,0.00149,0.000518,0.00062,0.000623,0.000634
Palau,0,0,0,0,0,0,0,0,0,0,0,0,0,0,0,0,0,0.0000522,0.0000535,0,0,0,0,0.0000568,0.0000567,0.000113,0.000113,0,0.000168,0.000167
Palestine,0.00405,0.0297,0.0417,0.0341,0.033,0.0278,0.0292,0.0267,0.0258,0.0322,0.0343,0.105,0.127,0.102,0.1,0.0977,0.0912,0.0908,0.0882,0.0241,0.023,0.0227,0.0224,0.0222,0.022,0.0216,0.0211,0.021,0.0207,0.0193
Panama,0.000255,0.000254,0.000253,0.000257,0.000181,0.0000584,0.0000533,0.0000427,0.0000292,0.0000242,0.0000221,0.000012,0.000014,0.0000093,0.0000122,0.0000126,0.0000221,0.0000316,0.0000316,0.0000293,0.0000275,0.000027,0.0000284,0.0000274,0.0000228,0.0000174,0.0000099,0.0000075,0.0000117,0.0000127
Papua New Guinea,0,0,0,0,0,0.000386,0.000378,0.000148,0.0000394,0.0000016,0.0000014,0.0000013,0.0000026,0.0000029,0.0000028,0.0000035,0.0000047,0.0000053,0.0000066,0.0000098,0.0000122,0.0000171,0.0000228,0.0000284,0.0000362,0.0000418,0.0000482,0.0000469,0.0000496,0.0000545
Paraguay,0.0000045,0.0000018,0.000002,0.0000031,0.0000135,0.0000107,0.000009,0.000004,0.0000041,0.0000035,0.0000036,0.0000015,0.0000056,0.0000057,0.0000065,0.0000076,0.0000178,0.000017,0.0000166,0.0000125,0.0000138,0.0000144,0.0000157,0.0000146,0.0000142,0.0000136,0.0000105,0.000009,0.0000109,0.0000123
Peru,0.0000116,0.0000211,0.0000317,0.0000842,0.000182,0.000243,0.000271,0.000262,0.000275,0.000276,0.000262,0.000243,0.000237,0.000204,0.000173,0.000175,0.000249,0.000273,0.000257,0.000218,0.000201,0.000188,0.000177,0.00016,0.000144,0.000118,0.0000844,0.000082,0.000081,0.0000851
Philippines,0.0000002,0.0000002,0.0000007,0.0000017,0.0000064,0.0000074,0.0000084,0.0000072,0.000611,0.000596,0.000583,0.000571,0.000561,0.000005,0.0000051,0.0000054,0.0000101,0.0000174,0.0000149,0.0000107,0.0000103,0.00001,0.0000101,0.0000073,0.0000067,0.0000058,0.0000042,0.0000041,0.0000049,0.0000052
Poland,0.000675,0.000568,0.00038,0.00035,0.000936,0.000513,0.000334,0.000189,0.0000487,0.0000323,0.0000224,0.0000828,0.000434,0.000396,0.000278,0.000512,0.000352,0.000076,0.0000623,0.0000537,0.000046,0.0000474,0.0000429,0.0000374,0.0000344,0.0000341,0.0000305,0.0000292,0.0000287,0.0000255
Portugal,0,0,0,0,0.0000025,0.0000025,0.0000214,0.0000209,0.0000018,0.0000015,0.0000022,0.0000016,0.000006,0.0000053,0.0000045,0.000007,0.0000024,0.000003,0.0000034,0.0000029,0.0000028,0.0000026,0.000003,0.0000031,0.000003,0.0000027,0.0000018,0.0000006,0.0000019,0.0000022
Qatar,0,0,0,0,0.0000966,0.0000584,0.0000344,0.0000355,0.0000417,0.000014,0.0000017,0,0.0000125,0.0000191,0.0000133,0.0000127,0.0000508,0.0000509,0.0000494,0.0000411,0.0000603,0.0000467,0.0000565,0.0000073,0.0000085,0.0000078,0.0000109,0.0000114,0.0000129,0.0000127
Romania,0.00218,0.00116,0.00107,0.00101,0.000964,0.000739,0.00052,0.000395,0.000486,0.000384,0.000332,0.000275,0.000405,0.000386,0.000274,0.000537,0.000341,0.000252,0.000228,0.000211,0.000192,0.000169,0.000139,0.000116,0.0000957,0.0000871,0.0000606,0.0000611,0.0000595,0.0000699
Russia,0.000798,0.00105,0.00144,0.00164,0.00169,0.0014,0.00117,0.00134,0.00117,0.000193,0.000275,0.00031,0.000631,0.000667,0.000749,0.000717,0.00111,0.000651,0.00072,0.000764,0.00078,0.000764,0.000768,0.000515,0.000488,0.000462,0.000432,0.000423,0.000422,0.000427
Rwanda,0.0496,0.0609,0.0649,0.0719,0.38,0.312,0.078,0.0106,0.0112,0.0119,0.015,0.0103,0.00893,0.0088,0.00735,0.0113,0.0103,0.00873,0.00762,0.0132,0.0115,0.0104,0.00923,0.00777,0.00716,0.0252,0.0245,0.0216,0.0201,0.0195
Samoa,0,0,0,0,0.0000059,0,0,0.0000058,0.0000058,0.0000058,0.0000057,0.0000057,0,0,0,0,0.0000166,0.000011,0.0000218,0,0.0000054,0.0000053,0.0000053,0.0000052,0.0000052,0.0000052,0.0000051,0,0.0000051,0.0000051
San Marino,0,0,0,0,0,0,0,0.0000753,0.000149,0.000147,0.000146,0,0.000106,0.000035,0.0000346,0.0000341,0.0000674,0.0000665,0.0000329,0.0000324,0.0000641,0.0000316,0.0000311,0.0000307,0.0000304,0.0000301,0.0000597,0,0.0000592,0.0000295
Sao Tome and Principe,0.0000084,0.0000082,0.000008,0.0000079,0.000232,0.000273,0.000366,0.000317,0.000305,0.000214,0.000176,0.000159,0.000265,0.000279,0.000254,0.000152,0.000198,0.000198,0.000204,0.000188,0.000183,0.000179,0.00017,0.000161,0.000112,0.00011,0.000143,0.000126,0.000142,0.000126
Saudi Arabia,0,0,0,0.0000004,0.00001,0.0000139,0.0000127,0.0000184,0.0000183,0.0000115,0.0000037,0.0000017,0.000005,0.0000105,0.0000093,0.0000063,0.0000252,0.0000299,0.0000275,0.0000238,0.0000243,0.0000264,0.0000281,0.0000194,0.0000204,0.0000221,0.0000289,0.0000353,0.0000443,0.0000516
Senegal,0.00797,0.00324,0.00194,0.00275,0.00303,0.00202,0.00198,0.00188,0.00104,0.00121,0.00113,0.000853,0.00117,0.000792,0.000771,0.000782,0.00133,0.00136,0.00133,0.00132,0.00128,0.00136,0.0014,0.00144,0.00163,0.00146,0.00154,0.00172,0.00115,0.00106
Serbia,0.000183,0.00477,0.00929,0.00595,0.00557,0.00871,0.0105,0.0109,0.0119,0.018,0.0155,0.0153,0.035,0.0319,0.0256,0.0207,0.019,0.0182,0.0205,0.0217,0.0204,0.018,0.0178,0.00546,0.00514,0.00435,0.00417,0.00397,0.00368,0.00356
Seychelles,0.00085,0.000966,0.000743,0.000378,0.00733,0.00442,0.00178,0.000421,0.000493,0.000363,0.000284,0.000158,0.000523,0.000443,0.000503,0.000451,0.000681,0.000611,0.000586,0.00054,0.000537,0.000457,0.000313,0.000278,0.000265,0.000211,0.000146,0.0000519,0.000134,0.000154
Sierra Leone,0.0000021,0.0328,0.0583,0.0719,0.0639,0.0882,0.087,0.076,0.0927,0.11,0.0879,0.0377,0.0285,0.0136,0.00769,0.00717,0.00735,0.00536,0.0053,0.00246,0.00176,0.00122,0.000924,0.000774,0.000712,0.000684,0.000638,0.000592,0.000632,0.000674
Singapore,0,0,0.0000003,0.0000003,0.0000026,0.0000026,0.0000052,0.0000059,0.000006,0.0000063,0.0000055,0.0000039,0.0000095,0.0000085,0.0000086,0.0000091,0.0000252,0.0000253,0.0000228,0.0000161,0.0000148,0.0000127,0.0000127,0.0000119,0.0000107,0.0000098,0.0000073,0.0000075,0.0000083,0.0000072
Slovak Republic,0,0,0,0,0.0000022,0.0000048,0.0000106,0.000013,0.0000265,0.000033,0.0000407,0.0000354,0.00011,0.000123,0.000115,0.000146,0.000137,0.0000633,0.0000613,0.0000618,0.0000292,0.0000497,0.0000441,0.0000596,0.0000588,0.00006,0.000146,0.000168,0.000224,0.000247
Slovenia,0,0,0,0.0142,0.00743,0.00646,0.00169,0.00172,0.00166,0.00166,0.00165,0.000385,0.000432,0.000307,0.000292,0.0000777,0.000879,0.0000258,0.0000257,0.0000192,0.0000186,0.0000156,0.0000165,0.0000136,0.0000126,0.0000111,0.0000101,0.0000034,0.0000096,0.0000111
Solomon Islands,0,0,0,0,0,0.0000946,0.000092,0.0000895,0.000087,0.0000847,0.0000824,0.0000991,0.000124,0.000134,0.000133,0.0000575,0.000079,0.0000975,0.000103,0.000128,0.000142,0.000133,0.00011,0.000107,0.000119,0.000118,0.000111,0.0000896,0.0000505,0.0000403
Somalia,0.0651,0.101,0.111,0.0785,0.0856,0.0853,0.0829,0.0766,0.0678,0.0613,0.0536,0.0479,0.0455,0.041,0.0384,0.0379,0.0431,0.0413,0.0492,0.0579,0.0639,0.087,0.0894,0.0859,0.0824,0.0814,0.0714,0.0676,0.0633,0.0586
South Africa,0.000402,0.000297,0.000239,0.00023,0.0000373,0.0000118,0.0000069,0.0000057,0.0000043,0.0000044,0.0000037,0.0000027,0.000006,0.0000062,0.0000058,0.0000056,0.0000105,0.0000096,0.0000091,0.0000076,0.0000074,0.0000082,0.0000079,0.0000079,0.0000078,0.0000081,0.000008,0.0000078,0.0000085,0.0000077
South Korea,0,0.0000001,0.0000001,0.0000002,0.0000004,0.0000007,0.0000009,0.000001,0.0000014,0.0000016,0.0000015,0.0000017,0.0000051,0.0000049,0.0000056,0.0000055,0.0000273,0.0000242,0.0000224,0.0000116,0.0000118,0.0000103,0.0000111,0.0000099,0.0000095,0.0000069,0.0000049,0.0000046,0.0000055,0.0000036
South Sudan,0,0,0,0,0,0,0,0,0,0,0,0,0,0,0,0,0,0,0,0,0,0.0000001,0.0086,0.0111,0.0584,0.0727,0.133,0.224,0.208,0.202
Spain,0,0,0,0,0.0000011,0.0000009,0.0000055,0.0000054,0.0000015,0.0000013,0.000002,0.0000012,0.0000014,0.0000012,0.0000011,0.0000011,0.0000546,0.0000009,0.0000006,0.0000007,0.0000009,0.0000009,0.0000011,0.0000012,0.0000013,0.0000013,0.0000008,0.0000007,0.000001,0.0000012
Sri Lanka,0.012,0.0119,0.00722,0.00512,0.00633,0.0059,0.00597,0.00662,0.00619,0.00625,0.00661,0.00647,0.00699,0.00635,0.00588,0.00553,0.00594,0.0068,0.00689,0.00724,0.00696,0.0067,0.00646,0.00596,0.00587,0.00581,0.00559,0.00547,0.00537,0.00518
St. Kitts and Nevis,0,0,0,0,0,0,0,0,0,0,0,0,0.0000443,0.0000219,0.0000216,0.000662,0.0000423,0.0000419,0.000083,0.0000823,0.000143,0.000182,0.000241,0.000298,0.000453,0.000547,0.000949,0.000884,0.00109,0.00106
St. Lucia,0,0,0,0,0,0.0000136,0.0000134,0.0000199,0.0000327,0.0000581,0.0000702,0.0000569,0.0000627,0.0000997,0.00021,0.000606,0.000986,0.00135,0.00169,0.00182,0.00192,0.00247,0.0032,0.004,0.00517,0.00564,0.00552,0.0055,0.00565,0.00462
St. Vincent and the Grenadines,0,0,0,0,0.0000648,0.0000648,0.00012,0.00012,0.000223,0.000334,0.000445,0.000621,0.000749,0.000969,0.00167,0.00257,0.00356,0.00595,0.00692,0.00784,0.00874,0.0104,0.0121,0.0141,0.0159,0.0167,0.0122,0.0118,0.0114,0.00883
Sudan,0.026,0.00939,0.0123,0.0175,0.0174,0.0185,0.0192,0.0143,0.015,0.0182,0.0181,0.0175,0.0177,0.0206,0.0242,0.0224,0.0217,0.0162,0.0127,0.0109,0.0112,0.0141,0.0157,0.0175,0.0175,0.0161,0.0163,0.017,0.0173,0.0172
Suriname,0.0163,0.0143,0.00605,0.00209,0.0021,0.00185,0.00168,0.00146,0.00107,0.000883,0.000709,0.000497,0.000214,0.000143,0.000103,0.0000581,0.000131,0.000123,0.0000967,0.000086,0.0000472,0.0000374,0.0000277,0.0000311,0.0000307,0.000034,0.0000319,0.0000298,0.0000347,0.0000275
Sweden,0,0,0,0,0.0000013,0.0000028,0.0000043,0.0000045,0.0000046,0.0000035,0.000002,0.0000006,0.0000031,0.0000036,0.0000032,0.0000083,0.0000018,0.0000017,0.0000016,0.000002,0.0000027,0.0000025,0.0000021,0.0000017,0.0000019,0.0000016,0.0000015,0.0000014,0.0000019,0.0000014
Switzerland,0,0,0,0,0.0000012,0.0000039,0.0000047,0.0000078,0.0000109,0.0000128,0.0000098,0.0000085,0.0000078,0.0000048,0.0000016,0.0000022,0.0000048,0.0000041,0.0000042,0.0000023,0.0000024,0.0000025,0.0000021,0.0000018,0.0000023,0.000002,0.0000007,0,0.0000008,0.0000008
Syria,0.000173,0.000237,0.000334,0.000398,0.000508,0.000557,0.000583,0.00057,0.000521,0.000418,0.000358,0.00029,0.00111,0.0012,0.0012,0.000893,0.000647,0.000689,0.000736,0.000845,0.000864,0.000945,0.0357,0.126,0.208,0.271,0.316,0.369,0.393,0.388
Tajikistan,0,0,0.0109,0.0125,0.0101,0.0102,0.0184,0.0128,0.00935,0.00738,0.00964,0.00888,0.00984,0.00901,0.00852,0.00806,0.0000932,0.000127,0.0000755,0.0000763,0.0000767,0.0000795,0.0000856,0.0000821,0.0000878,0.0000939,0.000107,0.000152,0.000187,0.000214
Tanzania,0.0000003,0.0000004,0.0000007,0.0000011,0.0000022,0.0000023,0.0000021,0.0000021,0.0000032,0.0000036,0.0000093,0.000011,0.0000164,0.0000196,0.0000264,0.0000403,0.0000422,0.0000308,0.0000303,0.000028,0.0000258,0.0000255,0.0000238,0.0000215,0.0000172,0.0000159,0.0000112,0.0000115,0.0000131,0.0000149
Thailand,0.0000004,0.0000005,0.0000006,0.0000006,0.0000023,0.0000035,0.0000047,0.0000045,0.0000048,0.0000051,0.0000034,0.0000015,0.0000054,0.0000046,0.0000049,0.0000065,0.0000505,0.0000351,0.0000273,0.0000075,0.0000053,0.0000055,0.0000056,0.0000033,0.0000034,0.0000032,0.0000023,0.0000022,0.0000028,0.0000071
Timor-Leste,0,0,0,0,0,0,0,0,0,0.186,0.138,0.081,0.0305,0.000134,0.000227,0.000252,0.000247,0.0000058,0.0000066,0.0000065,0.0000073,0.0000072,0.0000079,0.0000087,0.0000111,0.0000167,0.000018,0.0000064,0.0000126,0.0000139
Togo,0.0000016,0.0000047,0.0000269,0.0722,0.0407,0.022,0.00589,0.0016,0.000757,0.000772,0.000815,0.00086,0.00201,0.00199,0.00198,0.00911,0.00474,0.0038,0.00275,0.00294,0.00285,0.00271,0.00232,0.00148,0.0013,0.0012,0.00111,0.00105,0.00102,0.000994
Tonga,0,0,0,0,0,0,0.0000312,0.000031,0.0000206,0.0000205,0.0000306,0.0000102,0.0000808,0.00012,0.0000499,0.0000396,0.000059,0.0000487,0.0000677,0.0000481,0.0000577,0.0000966,0.000126,0.000177,0.000218,0.000238,0.000267,0.000333,0.00032,0.000316
Trinidad and Tobago,0.0000008,0.0000008,0.0000008,0.0000008,0.0000104,0.0000112,0.0000127,0.0000167,0.0000206,0.0000198,0.0000189,0.0000126,0.0000274,0.0000296,0.0000318,0.0000486,0.000118,0.000161,0.000176,0.000182,0.000192,0.000222,0.000248,0.000248,0.000272,0.000269,0.000214,0.000224,0.000232,0.00022
Tunisia,0.0000051,0.0000075,0.00001,0.0000118,0.0000236,0.0000365,0.0000438,0.0000743,0.000098,0.000129,0.000124,0.00014,0.000258,0.000258,0.000251,0.00031,0.000279,0.000243,0.000226,0.000215,0.000204,0.000182,0.000178,0.000124,0.000134,0.00014,0.00015,0.000158,0.000173,0.000177
Turkey,0.000102,0.000118,0.000181,0.000296,0.000502,0.000767,0.000847,0.000784,0.000734,0.000707,0.000746,0.000734,0.00297,0.0028,0.00261,0.00251,0.0033,0.00319,0.00304,0.00205,0.00203,0.0019,0.00181,0.000877,0.000827,0.000758,0.000726,0.000756,0.000837,0.000998
Turkmenistan,0,0,0,0,0.0000017,0.0000112,0.000685,0.00073,0.000354,0.000235,0.0000664,0.0000679,0.000174,0.00018,0.000173,0.000173,0.000144,0.000139,0.000149,0.000148,0.000145,0.00014,0.000137,0.0000967,0.0000885,0.0000818,0.0000666,0.0000591,0.0000788,0.0000809
Tuvalu,0,0,0,0,0,0.000323,0.000322,0.000322,0.000321,0.000321,0.000319,0.000316,0.000313,0.000308,0.000304,0,0.000296,0.000196,0.000194,0,0,0.0000941,0.0000931,0.000184,0.000182,0.00018,0.000178,0,0.000174,0.000172
Uganda,0.00339,0.00219,0.00175,0.00174,0.00159,0.00118,0.00135,0.00255,0.000597,0.000607,0.00137,0.00165,0.00161,0.00136,0.00119,0.00124,0.000761,0.000724,0.000248,0.00024,0.000199,0.00017,0.000162,0.000229,0.000195,0.000165,0.000157,0.000155,0.000165,0.000169
Ukraine,0,0,0.0000007,0.0000026,0.0000179,0.0000334,0.000121,0.000126,0.0000924,0.000248,0.000395,0.000552,0.00178,0.00198,0.0019,0.0018,0.00137,0.00056,0.000616,0.000533,0.000548,0.000556,0.000556,0.000114,0.00527,0.00716,0.00535,0.00314,0.00211,0.00136
United Arab Emirates,0,0,0,0,0,0,0,0.0000015,0.0000025,0.0000024,0.0000048,0.0000055,0.0000089,0.0000054,0.0000175,0.0000065,0.00005,0.0000499,0.0000361,0.0000523,0.0000496,0.0000543,0.0000639,0.0000098,0.0000098,0.0000107,0.000012,0.0000139,0.0000184,0.0000166
United Kingdom,0,0,0,0,0.0000019,0.0000013,0.0000013,0.0000014,0.0000016,0.0000018,0.0000019,0.0000018,0.0000028,0.0000025,0.0000024,0.0000022,0.0000029,0.0000033,0.000003,0.0000025,0.0000024,0.0000023,0.0000024,0.0000022,0.0000022,0.000002,0.0000012,0.0000013,0.0000012,0.000001
United States,0,0,0,0,0.0000014,0.0000009,0.0000005,0.0000003,0.0000002,0.0000001,0.0000006,0.0000008,0.0000013,0.0000014,0.0000015,0.0000023,0.0000046,0.0000072,0.000007,0.0000077,0.0000098,0.0000121,0.0000142,0.000015,0.0000156,0.0000151,0.000001,0.0000009,0.000001,0.000001
Uruguay,0.000271,0.000192,0.000136,0.000051,0.000113,0.0000813,0.0000619,0.0000272,0.0000225,0.0000118,0.0000154,0.0000138,0.0000183,0.0000171,0.0000244,0.0000334,0.000049,0.0000591,0.0000596,0.0000561,0.0000554,0.0000546,0.0000506,0.0000434,0.0000365,0.0000267,0.0000079,0.000002,0.0000055,0.0000069
Uzbekistan,0,0,0,0.0000001,0.0013,0.0000063,0.003,0.00292,0.00215,0.00187,0.000146,0.000138,0.000271,0.000287,0.000279,0.000315,0.00034,0.000208,0.000228,0.000238,0.00031,0.000437,0.000394,0.000165,0.000158,0.000136,0.000122,0.000106,0.000101,0.0000979
Vanuatu,0,0,0,0,0,0,0,0,0,0,0,0,0,0,0,0,0,0,0,0,0.0000042,0.0000041,0.000004,0.0000039,0.0000038,0.0000037,0.0000072,0,0.0000034,0.0000033
Venezuela,0,0,0.0000002,0.0000064,0.0000173,0.0000217,0.0000249,0.0000266,0.0000245,0.0000234,0.0000195,0.0000189,0.000021,0.0000234,0.0000483,0.000098,0.000143,0.000187,0.00021,0.000222,0.000236,0.000262,0.00028,0.000282,0.000267,0.000248,0.000253,0.000314,0.000729,0.00327
Vietnam,0.0073,0.00718,0.0073,0.0073,0.00732,0.00726,0.00681,0.00618,0.00557,0.00513,0.00464,0.00437,0.00458,0.00441,0.00421,0.00427,0.00442,0.00384,0.00381,0.0039,0.00385,0.0038,0.00375,0.00346,0.00342,0.00338,0.00352,0.00353,0.0035,0.00328
Yemen,0.0000007,0.0000059,0.0000024,0.0000029,0.0000105,0.0000247,0.0000746,0.000108,0.000118,0.00012,0.000121,0.000111,0.0000868,0.0000841,0.0000822,0.0000659,0.0000658,0.0000767,0.0000812,0.0000859,0.0000897,0.0000976,0.000106,0.0000966,0.000102,0.0006,0.000679,0.000844,0.00109,0.00125
Zambia,0.0000001,0.0000001,0.000236,0.000182,0.0000018,0.0000022,0.0000043,0.0000066,0.0000078,0.0000086,0.0000094,0.0000058,0.0000084,0.0000089,0.0000107,0.0000127,0.0000167,0.0000157,0.0000152,0.0000156,0.0000168,0.0000171,0.0000168,0.0000155,0.0000205,0.0000217,0.0000162,0.0000148,0.0000164,0.0000155
Zimbabwe,0.0000004,0.000012,0.0000008,0.0000015,0.0000037,0.0000032,0.0000029,0.0000033,0.0000036,0.0000036,0.0000092,0.0000216,0.000337,0.000598,0.000796,0.000932,0.00105,0.00117,0.00136,0.00179,0.0019,0.00194,0.00169,0.00148,0.00166,0.00154,0.00129,0.00122,0.00108,0.000725
